{"settings":{"dateTimeFormat":"yyyy-MM-dd HH:mm:ss","dateFormat":"yyyy-MM-dd","timeZone":"Greenwich Mean Time"},"types":{"Movie":{"indexes":{},"buckets":["Movie_0","Movie_1","Movie_2","Movie_3","Movie_4","Movie_5","Movie_6","Movie_7"],"type":"v","properties":{"title":{"type":"STRING"}},"parents":[]},"a":{"indexes":{},"buckets":["a_0","a_1","a_2","a_3","a_4","a_5","a_6","a_7"],"type":"e","properties":{},"parents":[]},"ACTED_IN":{"indexes":{},"buckets":["ACTED_IN_0","ACTED_IN_1","ACTED_IN_2","ACTED_IN_3","ACTED_IN_4","ACTED_IN_5","ACTED_IN_6","ACTED_IN_7"],"type":"e","properties":{},"parents":[]},"b":{"indexes":{},"buckets":["b_0","b_1","b_2","b_3","b_4","b_5","b_6","b_7"],"type":"e","properties":{},"parents":[]},"REVIEWED":{"indexes":{},"buckets":["REVIEWED_0","REVIEWED_1","REVIEWED_2","REVIEWED_3","REVIEWED_4","REVIEWED_5","REVIEWED_6","REVIEWED_7"],"type":"e","properties":{},"parents":[]},"PRODUCED":{"indexes":{},"buckets":["PRODUCED_0","PRODUCED_1","PRODUCED_2","PRODUCED_3","PRODUCED_4","PRODUCED_5","PRODUCED_6","PRODUCED_7"],"type":"e","properties":{},"parents":[]},"WROTE":{"indexes":{},"buckets":["WROTE_0","WROTE_1","WROTE_2","WROTE_3","WROTE_4","WROTE_5","WROTE_6","WROTE_7"],"type":"e","properties":{},"parents":[]},"FOLLOWS":{"indexes":{},"buckets":["FOLLOWS_0","FOLLOWS_1","FOLLOWS_2","FOLLOWS_3","FOLLOWS_4","FOLLOWS_5","FOLLOWS_6","FOLLOWS_7"],"type":"e","properties":{},"parents":[]},"DIRECTED":{"indexes":{},"buckets":["DIRECTED_0","DIRECTED_1","DIRECTED_2","DIRECTED_3","DIRECTED_4","DIRECTED_5","DIRECTED_6","DIRECTED_7"],"type":"e","properties":{},"parents":[]},"Person":{"indexes":{},"buckets":["Person_0","Person_1","Person_2","Person_3","Person_4","Person_5","Person_6","Person_7"],"type":"v","properties":{},"parents":[]}},"build":"6948edc2121449d6838bbe7f3140c044f1bddfea","version":"21.10.2-SNAPSHOT"}